-- phpMyAdmin SQL Dump
-- version 4.9.0.1
-- https://www.phpmyadmin.net/
--
-- Host: localhost:3306
-- Generation Time: Jan 03, 2020 at 09:37 AM
-- Server version: 5.7.28-log
-- PHP Version: 7.3.6

SET SQL_MODE = "NO_AUTO_VALUE_ON_ZERO";
SET AUTOCOMMIT = 0;
START TRANSACTION;
SET time_zone = "+00:00";


/*!40101 SET @OLD_CHARACTER_SET_CLIENT=@@CHARACTER_SET_CLIENT */;
/*!40101 SET @OLD_CHARACTER_SET_RESULTS=@@CHARACTER_SET_RESULTS */;
/*!40101 SET @OLD_COLLATION_CONNECTION=@@COLLATION_CONNECTION */;
/*!40101 SET NAMES utf8mb4 */;

--
-- Database: `novianco_ppbittp`
--

-- --------------------------------------------------------

--
-- Table structure for table `class`
--

CREATE TABLE `class` (
  `class_id` int(11) NOT NULL,
  `name` varchar(255) DEFAULT NULL
) ENGINE=InnoDB DEFAULT CHARSET=latin1 ROW_FORMAT=COMPACT;

--
-- Dumping data for table `class`
--

INSERT INTO `class` (`class_id`, `name`) VALUES
(1, 'PPB A'),
(2, 'PPB B'),
(3, 'PPB C'),
(4, 'PPB D'),
(5, 'PPB E'),
(6, 'PPB Admin');

-- --------------------------------------------------------

--
-- Table structure for table `quote`
--

CREATE TABLE `quote` (
  `quote_id` int(11) NOT NULL,
  `student_id` int(11) DEFAULT NULL,
  `title` varchar(255) DEFAULT NULL,
  `description` varchar(255) DEFAULT NULL,
  `image` varchar(100) DEFAULT NULL,
  `created` datetime DEFAULT CURRENT_TIMESTAMP,
  `updated` datetime DEFAULT CURRENT_TIMESTAMP ON UPDATE CURRENT_TIMESTAMP
) ENGINE=InnoDB DEFAULT CHARSET=latin1 ROW_FORMAT=COMPACT;

--
-- Dumping data for table `quote`
--

INSERT INTO `quote` (`quote_id`, `student_id`, `title`, `description`, `image`, `created`, `updated`) VALUES
(23, 7, 'Marcus Tullius Cicero', 'A room without books is like a body without a soul.', NULL, '2019-12-08 22:08:32', '2019-12-08 22:08:32'),
(24, 7, 'Mahatma Gandhi', 'Live as if you were to die tomorrow. Learn as if you were to live forever.', NULL, '2019-12-08 22:10:03', '2019-12-08 22:10:03'),
(25, 7, 'Bob Marley', 'Only once in your life, I truly believe, you find someone who can completely turn your world around. You tell them things that you’ve never shared with another soul and they absorb everything you say and actually want to hear more.', NULL, '2019-12-08 22:13:32', '2019-12-08 22:13:45'),
(26, 7, 'Ambyar', 'Aku tak sing ngalah\ntrimo mundur timbang loro ati.', NULL, '2019-12-08 22:17:02', '2019-12-08 22:17:02'),
(27, 7, 'Seno Gumira Ajidarma', 'Alangkah mengerikannya menjadi tua dengan kenangan masa muda yang hanya berisi kemacetan jalan, ketakutan datang terlambat ke kantor, tugas-tugas rutin yang tidak menggugah semangat, dan kehidupan seperti mesin, yang hanya akan berakhir dengan pensiun tid', NULL, '2019-12-08 22:19:29', '2019-12-08 22:19:29'),
(28, 7, 'Bung Hatta', 'Kurang cerdas dapat diperbaiki dengan belajar. Kurang cakap dapat dihilangkan dengan pengalaman. Namun tidak jujur itu sulit diperbaiki.', NULL, '2019-12-08 22:22:11', '2019-12-08 22:22:18'),
(31, 6, 'update title nim {nim_anda}', 'update description nim {nim_anda}', NULL, '2019-12-09 13:31:09', '2019-12-09 13:37:15'),
(56, 38, 'warna', 'apalaah dayaku', NULL, '2019-12-09 13:53:18', '2019-12-09 14:02:42'),
(59, 42, 'Mawar Jingga', 'Mengapa kita?????? JETTT', NULL, '2019-12-09 13:54:00', '2019-12-09 14:01:08'),
(61, 32, 'We', 'We talk\nWe share\nWe sad\nBut\nWe progress', NULL, '2019-12-09 13:55:09', '2019-12-09 13:55:09'),
(71, 45, 'judul', 'konten', NULL, '2019-12-09 13:59:56', '2019-12-09 13:59:56'),
(78, 12, 'Sat', 'Gagah, Tampan dan Berani', NULL, '2019-12-11 00:30:58', '2019-12-11 08:55:55'),
(79, 48, '7(he)nk', 'think before you say a word, think before you act, think what have you\'ve done', NULL, '2019-12-11 00:34:10', '2019-12-11 00:34:10'),
(80, 28, 'Konten LOH HE ', 'apaa', NULL, '2019-12-11 07:55:08', '2019-12-11 07:55:08'),
(81, 6, 'tes', 'tes', NULL, '2019-12-11 08:43:56', '2019-12-11 08:43:56'),
(95, 6, 'tes', 'tes', NULL, '2019-12-11 08:46:40', '2019-12-11 08:46:40'),
(98, 77, 'MUHAMMAD USMAN', 'Terlalu Tampan', NULL, '2019-12-11 08:46:53', '2019-12-11 08:46:53'),
(100, 6, '17102028', '17102028', NULL, '2019-12-11 08:47:07', '2019-12-11 08:47:07'),
(103, 6, 'MONEY', 'Uang Digunakan untuk menghasilkan uang', NULL, '2019-12-11 08:48:14', '2019-12-17 19:56:00'),
(109, 71, 'terserah', 'sebahagianya kamu aja.', NULL, '2019-12-11 08:55:50', '2019-12-11 08:55:50'),
(110, 80, 'horeee', 'horeee horee', NULL, '2019-12-11 08:57:10', '2019-12-11 08:57:10'),
(112, 6, 'title 17102001', 'description nim 17102001', NULL, '2019-12-11 08:58:12', '2019-12-11 08:58:12'),
(113, 69, 'tes', 'tes', NULL, '2019-12-11 08:59:00', '2019-12-11 08:59:00'),
(114, 1, 'Quotes', 'Jalani aja dulu', NULL, '2019-12-11 09:02:47', '2019-12-11 09:02:47'),
(115, 17, 'tes', 'tes', NULL, '2019-12-11 09:03:59', '2019-12-11 09:03:59'),
(116, 19, 'zii', 'ppppp', NULL, '2019-12-11 09:05:18', '2019-12-11 09:05:18'),
(117, 19, 'zii', 'pp', NULL, '2019-12-11 09:05:49', '2019-12-11 09:05:49'),
(120, 19, 'zii', 'pp', NULL, '2019-12-11 09:10:04', '2019-12-11 09:10:04'),
(121, 19, 'zii', 'ppppp', NULL, '2019-12-11 09:10:12', '2019-12-11 09:10:12'),
(124, 86, 'Astaghfirullah', 'Muterrrr', NULL, '2019-12-11 09:11:58', '2019-12-11 09:11:58'),
(125, 1, 'Quotes', 'Jalani aja dulu', NULL, '2019-12-11 09:13:24', '2019-12-11 09:13:24'),
(128, 60, 'Lol', 'haha.', NULL, '2019-12-11 10:28:35', '2019-12-11 10:28:35'),
(129, 56, 'aww', 'Berawal dari langkah kecil', NULL, '2019-12-11 10:32:30', '2019-12-11 10:32:30'),
(134, 62, 'Quotes', 'Kimi ga hoshi ni naru made', NULL, '2019-12-11 10:47:10', '2019-12-11 10:47:10'),
(135, 57, 'Tulisan', 'tulisan ini ditulis berdasarkan tulisan yang ditemukan oleh penulis dalam sebuah tulisan', NULL, '2019-12-11 10:47:58', '2019-12-11 10:47:58'),
(138, 87, 'zii', 'heeeellloooo', NULL, '2019-12-11 11:04:20', '2019-12-11 11:04:20'),
(139, 85, 'Didik Priyoga', 'Kebalikan dari kata Keterangan adalah Kegelapan', NULL, '2019-12-11 11:06:58', '2019-12-11 11:06:58'),
(140, 68, 'Naniii !!!', 'omaewa mou shindeiruuu... cinggg', '1577964460402.jpg', '2019-12-11 11:07:36', '2020-01-02 18:27:40'),
(141, 85, 'Didik Priyoga', 'Kebalikan dari Microsoft Office adalah Macrohard Onfie', NULL, '2019-12-11 11:09:49', '2019-12-11 11:09:49'),
(142, 87, 'zii', 'heeeellloooo', NULL, '2019-12-11 12:13:52', '2019-12-11 12:13:52'),
(143, 6, 'Judul dari quote anda', 'isi dari quote anda', NULL, '2019-12-11 12:14:44', '2019-12-11 12:14:44'),
(147, 3, 'Hebat', 'orang hebat itu berteman bukan beranteman', NULL, '2019-12-11 12:15:56', '2019-12-11 12:15:56'),
(148, 3, 'CUE!', 'see you everyday', NULL, '2019-12-11 12:16:17', '2019-12-11 12:16:17'),
(149, 3, '471', '471 adalah mahasiswa yang menariik hati saya', NULL, '2019-12-11 12:16:18', '2019-12-11 12:16:18'),
(150, 3, 'Makan', 'Makan adalah kebutuhan pokok saya', NULL, '2019-12-11 12:16:19', '2019-12-11 12:16:19'),
(151, 117, 'halo', 'selamat new tahun', '1577892091822.jpg', '2019-12-11 12:16:23', '2020-01-01 22:21:31'),
(152, 110, 'ppb', 'belajar postman', NULL, '2019-12-11 12:16:34', '2019-12-11 12:16:34'),
(153, 114, 'hi', 'hi', NULL, '2019-12-11 12:16:35', '2019-12-11 12:32:31'),
(157, 6, 'ngeteh', 'seger', NULL, '2019-12-11 12:16:56', '2019-12-11 12:16:56'),
(160, 3, 'basreng any', 'woi ngopi lah', NULL, '2019-12-11 12:17:25', '2019-12-11 12:17:25'),
(162, 3, 'Ngeteh Lah !!!', 'Lebih baik Ngeteh !!!', NULL, '2019-12-11 12:17:28', '2019-12-11 12:17:28'),
(163, 6, 'ngeteh', 'seger', NULL, '2019-12-11 12:17:42', '2019-12-11 12:17:42'),
(164, 119, 'yg tau aja', 'farel suta', NULL, '2019-12-11 12:17:45', '2019-12-11 12:31:38'),
(165, 1818, 'Cemana Cemani', 'lalallaa', NULL, '2019-12-11 12:18:17', '2019-12-11 12:18:17'),
(166, 3, 'Ngeteh Lah !!!', 'Lebih baik Ngeteh !!!', NULL, '2019-12-11 12:18:18', '2019-12-11 12:18:18'),
(167, 102, 'Minta Uang', 'minta uang om minta uang om minta uang  yallah', NULL, '2019-12-11 12:18:27', '2019-12-11 12:18:27'),
(169, 3, 'sabar', 'hidup itu harus sabar', NULL, '2019-12-11 12:19:24', '2019-12-11 12:19:24'),
(172, 17102115, 'ngeteh', 'seger', NULL, '2019-12-11 12:20:16', '2019-12-11 12:20:16'),
(173, 85, 'Mela Purnama Puteri', 'Purnama', NULL, '2019-12-11 12:20:18', '2019-12-11 12:20:18'),
(174, 103, 'CUE!', 'see you everyday', NULL, '2019-12-11 12:20:36', '2019-12-11 12:31:22'),
(175, 3, 'NGETEH ASW !!!', 'NGOPI APA NGOPI !!! DIEM DIEM BAE ', NULL, '2019-12-11 12:21:31', '2019-12-11 12:21:31'),
(179, 111, 'WOY MADANG', 'MADANG BIAR TETAP HIDUP', NULL, '2019-12-11 12:22:40', '2019-12-11 12:22:40'),
(183, 131, 'Meliana Dewi', 'Saya Mahasiswa Informatika', NULL, '2019-12-11 12:23:27', '2019-12-11 12:23:27'),
(185, 109, 'basreng any', 'DM LAH HAYUK', NULL, '2019-12-11 12:23:50', '2019-12-11 12:34:10'),
(186, 17102052, 'anitaroa', 'apa aja', NULL, '2019-12-11 12:23:52', '2019-12-11 12:23:52'),
(189, 131, 'Meliana Dewi', 'Saya Mahasiswa Informatika', NULL, '2019-12-11 12:24:19', '2019-12-11 12:24:19'),
(191, 109, 'basreng any', 'woi ngopi lah', NULL, '2019-12-11 12:24:30', '2019-12-11 12:24:30'),
(193, 69, 'Dada gua sakit', 'Ada bapak bapak temen temen', NULL, '2019-12-11 12:24:43', '2019-12-11 12:24:43'),
(195, 105, 'BUTUH PELUKAN', 'HUBUNGI LINE : GOODMANEVIL :D', NULL, '2019-12-11 12:24:55', '2019-12-11 12:24:55'),
(196, 1500, 'anitaroa', 'apa aja', NULL, '2019-12-11 12:25:41', '2019-12-11 12:25:41'),
(197, 133, 'Meliana Dewi', 'Saya Mahasiswa Informatika', NULL, '2019-12-11 12:26:08', '2019-12-11 12:26:08'),
(199, 133, 'Meliana Dewi', 'Saya Mahasiswa Informatika', NULL, '2019-12-11 12:28:28', '2019-12-11 12:28:28'),
(201, 102, 'Yallah', 'Ampuni Hamba yallah', NULL, '2019-12-11 12:31:27', '2019-12-11 12:31:27'),
(202, 15, 'apaaja', 'Zall', NULL, '2019-12-11 12:31:45', '2019-12-11 12:31:45'),
(203, 999, 'apaaja', 'Zall', NULL, '2019-12-11 12:32:38', '2019-12-11 12:32:38'),
(205, 1500, 'Quotes 17102052', 'apaja nim 17102052', NULL, '2019-12-11 12:34:07', '2019-12-11 12:34:07'),
(206, 999, 'apaaja', 'Zall', NULL, '2019-12-11 12:34:41', '2019-12-11 12:34:41'),
(207, 17102083, 'josua panggabean', 'mari sini', NULL, '2019-12-11 12:34:50', '2019-12-11 12:34:50'),
(208, 126, 'Hayuk', 'Meluncur!!!', NULL, '2019-12-11 12:35:06', '2019-12-11 12:35:06'),
(209, 999, 'apaaja', 'Zall', NULL, '2019-12-11 12:35:09', '2019-12-11 12:35:09'),
(210, 15, 'hanya Hiya', 'Waalaikum salam Ukhti dan Akhi.', NULL, '2019-12-11 12:35:28', '2019-12-12 08:26:40'),
(211, 17102015, 'apaaja', 'Zall', NULL, '2019-12-11 12:36:12', '2019-12-11 12:36:12'),
(213, 3, 'Dirgantara', 'Amanat Dirgantara', NULL, '2019-12-11 12:38:58', '2019-12-11 12:38:58'),
(214, 126, 'Skuyy Living', 'Hayuk Meluncur!!!', NULL, '2019-12-11 12:39:03', '2019-12-11 12:39:03'),
(215, 104, 'Dirgantara', 'Amanat Dirgantara', NULL, '2019-12-11 12:40:04', '2019-12-11 12:40:04'),
(216, 134, 'Hidup', 'Hidup adalah', NULL, '2019-12-11 12:44:53', '2019-12-11 12:44:53'),
(217, 101, 'moto', 'do more than exist', NULL, '2019-12-11 13:56:42', '2019-12-11 13:56:42'),
(220, 122, 'ngaha', 'woi kayak bapacc2 wokawoawko', NULL, '2019-12-11 14:03:52', '2019-12-11 14:03:52'),
(223, 17102052, 'lagi apa', 'apaalagi', NULL, '2019-12-11 14:07:10', '2019-12-11 14:07:10'),
(226, 6, 'masukan judul quote disini', 'masukan isi quote dsini', NULL, '2019-12-12 07:47:41', '2019-12-12 07:47:41'),
(228, 2, '17102045', 'Sean', NULL, '2019-12-12 07:52:20', '2019-12-12 07:52:20'),
(230, 2, '17102045', 'Life Is Like a Game', NULL, '2019-12-12 07:52:53', '2019-12-12 07:52:53'),
(231, 163, 'title_baru', 'description_baru', NULL, '2019-12-12 07:52:59', '2019-12-12 08:09:59'),
(233, 2, '17102045', 'Life is Like a Game', NULL, '2019-12-12 07:54:57', '2019-12-12 07:54:57'),
(237, 196, '17102076', 'Hidup untuk makan, makan untuk hidup', NULL, '2019-12-12 07:57:35', '2019-12-12 07:57:35'),
(239, 165, 'Huskar Quotes', 'Waktu bertemu pada malam hari', NULL, '2019-12-12 07:58:16', '2019-12-13 19:32:21'),
(244, 189, 'Mimpi', 'Berawal dari Rebahan', NULL, '2019-12-12 08:01:29', '2019-12-18 16:42:28'),
(245, 204, 'I Need U', 'Hai', NULL, '2019-12-12 08:01:49', '2019-12-12 08:11:33'),
(246, 170, 'HAYUUU MELUNCUR ', 'praktikum 11 ppb (17102066)', NULL, '2019-12-12 08:02:53', '2019-12-30 23:13:17'),
(249, 193, 'Kamu', 'Kamu, adalah rumit yang akan selalu menjadi favorit :)', '1577887293180.jpg', '2019-12-12 08:09:07', '2020-01-01 21:01:33'),
(251, 197, 'Nature Quote', 'description', NULL, '2019-12-12 08:11:09', '2019-12-12 08:11:09'),
(252, 197, 'Nature Quote', 'description', NULL, '2019-12-12 08:11:27', '2019-12-12 08:11:27'),
(256, 197, 'Nature Quote', 'Be the star, who always bright!', NULL, '2019-12-12 08:14:27', '2019-12-12 08:14:27'),
(257, 206, 'berkarya', 'umur bukan pembatas untuk berkarya', NULL, '2019-12-12 08:14:28', '2019-12-12 08:14:28'),
(260, 6, 'MarcelA.B', '17102037', NULL, '2019-12-12 08:15:59', '2019-12-12 08:15:59'),
(261, 172, 'berjuang', 'meluncur\n\\', NULL, '2019-12-12 08:16:07', '2019-12-12 08:16:07'),
(262, 172, 'berjuang', 'meluncur\n\\', NULL, '2019-12-12 08:16:13', '2019-12-12 08:16:13'),
(265, 206, 'berkarya', 'umur bukan pembatas untuk berkarya', NULL, '2019-12-12 08:16:37', '2019-12-12 08:16:37'),
(266, 6, 'MarcelA.B', '17102037', NULL, '2019-12-12 08:17:48', '2019-12-12 08:17:48'),
(270, 7, 'masukan judul quote disini', 'masukan isi quote disini', NULL, '2019-12-12 14:09:03', '2019-12-12 14:09:03'),
(271, 7, 'you', 'you are amazing, you are wonderful, you are what you are', '1577433725569.jpg', '2019-12-12 14:09:38', '2019-12-27 15:02:05'),
(275, 224, 'nais quote', 'stop thinking too much, start doing !', NULL, '2019-12-12 14:10:48', '2019-12-12 14:19:44'),
(284, 230, 'Quote Terbaru nih', 'bagus yah Quotenya', NULL, '2019-12-12 14:11:56', '2019-12-12 14:21:05'),
(285, 223, 'masukan judul quote', 'semua bisa dikalahkan kecuali tuhan dan orangtua', NULL, '2019-12-12 14:12:03', '2019-12-12 14:12:03'),
(287, 239, 'Quote Terbaru nih', 'bagus yah Quotenya', NULL, '2019-12-12 14:12:16', '2019-12-12 14:20:22'),
(293, 225, 'My Quote', 'ilmu tidak didapat dengan tubuh yang santai', NULL, '2019-12-12 14:14:51', '2019-12-12 14:21:06'),
(298, 223, 'salam orang tua', 'semua bisa dikalahkan kecuali tuhan dan orangtua', NULL, '2019-12-12 14:16:42', '2019-12-12 14:16:42'),
(299, 4, 'hmm', 'santuy ae', NULL, '2019-12-12 14:16:59', '2019-12-12 14:16:59'),
(305, 243, 'QoTd', 'Jika ada niat, tanpa melakukan proses. maka tidak akan ada hasil.\n', NULL, '2019-12-12 14:19:05', '2019-12-12 14:25:14'),
(310, 238, 'Dinda aulia', 'Be patient', NULL, '2019-12-12 14:24:53', '2019-12-12 14:24:53'),
(311, 221, 'ppp', 'gggg', NULL, '2019-12-12 14:25:51', '2019-12-12 14:25:51'),
(314, 246, '17102151', 'i dont care about other people life', NULL, '2019-12-12 14:31:00', '2019-12-12 14:31:00'),
(316, 236, 'BISU', 'mencintai dalam bisu, mana bisa menyatu.', NULL, '2019-12-12 16:07:25', '2019-12-12 16:07:25'),
(317, 228, 'Quotes', 'Dua tiga tutup botol kau kaya....', NULL, '2019-12-12 16:33:16', '2019-12-12 16:33:16'),
(318, 214, 'aku butuh piknik !', 'skuy', NULL, '2019-12-12 16:34:18', '2019-12-12 16:34:18'),
(320, 222, 'Life', 'What goes around comes back around', NULL, '2019-12-12 16:49:39', '2019-12-12 16:49:39'),
(322, 217, 'HAPPY NEW YEAR 2020', 'Selamat tinggal 2019, selamat tinggal kenangan.', '1577788702374.jpeg', '2019-12-12 17:01:38', '2019-12-31 17:38:22'),
(323, 214, 'skuyliving', 'mangkat !', NULL, '2019-12-12 17:14:23', '2019-12-12 17:14:23'),
(325, 18, 'judul modal madul', 'Berteriak terus saja', NULL, '2019-12-13 16:10:02', '2019-12-13 16:10:02'),
(326, 24, 'judul modal madul', 'Berteriak terus saja', NULL, '2019-12-13 17:29:19', '2019-12-13 17:29:19'),
(327, 24, 'judul modal madul', 'Berteriak terus saja', NULL, '2019-12-13 17:30:09', '2019-12-13 17:30:09'),
(328, 39, 'Kupetik Bunga', 'JEETTTTTT!!!!\nDENG DEEEENG\nJETTTTTT!!!', NULL, '2019-12-13 18:44:30', '2019-12-13 18:44:30'),
(329, 171, 'Huskar Quotes', 'Waktu bertemu pada malam hari', NULL, '2019-12-13 19:31:24', '2019-12-13 19:32:53'),
(330, 252, 'Hafidz Quotes', 'Waktu adalah uang yang berharga', NULL, '2019-12-13 19:34:51', '2019-12-13 19:35:30'),
(331, 27, 'kangen...', 'kamuu...', NULL, '2019-12-14 00:02:55', '2019-12-14 00:02:55'),
(332, 31, 'Ini Hanya Judul', 'dan ini hanyalah deskripsi yang tak memiliki arti', NULL, '2019-12-14 15:06:56', '2019-12-14 15:08:36'),
(339, 6, 'wlaaa', 'wleee', NULL, '2019-12-14 20:45:31', '2019-12-14 20:46:44'),
(340, 57, 'Arti Hidup', 'Hidup anda tidak akan berarti jika anda tidak mengartikan hidup anda', NULL, '2019-12-15 08:47:18', '2019-12-28 16:33:55'),
(341, 166, 'semangat', 'tiada hari tanpa gaspol', NULL, '2019-12-15 12:21:26', '2019-12-15 12:21:26'),
(342, 21, 'contoh title', 'contoh deskripsi', NULL, '2019-12-15 13:06:19', '2019-12-15 13:06:19'),
(343, 36, 'contoh title', 'contoh deskripsi', NULL, '2019-12-15 14:55:39', '2019-12-15 14:55:39'),
(344, 25, 'Quote Absurd', 'OAHFDUS;DPJFPEJFPJEKJljkgs;jkdflk;jeifwfkjsda;j;jefkjewaoihfdskalfh;aejfkjafpioeufepwhklfaj;lhflkdsafcnhoerfwaf;lwjaofL;SKJFIWEFJKLSJDGFIPESJFWAP[EJGFPDSKL;GAFIWJEFLJWEOIJFK;LDSJAF;LAK;JEIOJFL;AKJEIFJ;LAJEIOFJAILEJFLAE4JOI;TG4ELWAJTFGIWJAE4FIRAEKLJFNOIWEH', NULL, '2019-12-15 14:55:57', '2019-12-15 14:55:57'),
(345, 40, 'PPB E', 'Tugas 7 Sudah Jadi', NULL, '2019-12-15 17:24:02', '2019-12-15 17:24:02'),
(346, 10, 'Hayuk', 'Kalo udah hayuk pasti meluncur', NULL, '2019-12-15 18:12:34', '2019-12-15 18:12:34'),
(347, 44, 'Pintu Sorga', 'Dimana Engkau Berada', NULL, '2019-12-15 18:40:52', '2019-12-15 18:40:52'),
(348, 256, 'Dasar', 'Ilmu pendek banyak tidur hehehe', NULL, '2019-12-15 21:12:51', '2019-12-15 21:12:51'),
(351, 45, 'sabar', 'innallaha ma\'ashobirin', NULL, '2019-12-16 08:19:38', '2019-12-16 08:19:38'),
(352, 41, 'mulut anda', 'setajam silet', NULL, '2019-12-16 15:47:27', '2019-12-16 15:47:27'),
(354, 33, 'Kamu', 'Kamu Siapa?\nAku Siapa?', NULL, '2019-12-16 18:24:11', '2019-12-16 18:24:11'),
(355, 16, 'Quotes', 'My Quotes', NULL, '2019-12-16 18:40:51', '2019-12-16 18:40:51'),
(356, 16, 'Quotes', '\"Khusnul Khotimah adalah cara terbaik untuk melepas rindu\" Aris 2019', NULL, '2019-12-16 18:43:27', '2019-12-16 18:43:27'),
(357, 411, 'Quotes', 'jika memang itu ya udah itu aja', NULL, '2019-12-16 18:56:30', '2019-12-16 18:56:30'),
(358, 41, 'Quotes', 'jika memang itu ya udah itu aja', NULL, '2019-12-16 18:56:33', '2019-12-16 18:56:33'),
(359, 278, '17102005', 'i love mamah', NULL, '2019-12-16 19:31:37', '2019-12-16 19:31:37'),
(360, 278, 'what', 'i love mamah', NULL, '2019-12-16 19:33:33', '2019-12-16 19:33:33'),
(362, 30, 'spring', 'Musim semi yang tenang', NULL, '2019-12-16 22:02:29', '2019-12-16 22:02:29'),
(363, 138, 'qwerty', 'ytrewq', NULL, '2019-12-16 23:11:57', '2019-12-16 23:11:57'),
(364, 251, 'jwiakwoawa', 'awkoakwoakw', NULL, '2019-12-17 00:13:38', '2019-12-17 00:13:38'),
(366, 282, 'gatau', 'gatau bingung :(', NULL, '2019-12-17 09:25:46', '2019-12-17 09:25:46'),
(367, 283, 'yuhuu', 'apalaah apalah', NULL, '2019-12-17 11:07:04', '2019-12-17 11:11:20'),
(368, 70, 'kata kata', 'jangan tidur terus', NULL, '2019-12-17 11:41:55', '2019-12-17 11:41:55'),
(369, 70, 'Hallo', 'PANDA', NULL, '2019-12-17 11:58:20', '2019-12-17 11:58:20'),
(370, 3, 'Ijul', 'Thats my bf', NULL, '2019-12-17 12:23:26', '2019-12-17 12:23:26'),
(371, 3, 'princess', 'Aku seperti princess', NULL, '2019-12-17 12:25:18', '2019-12-17 12:34:03'),
(372, 3, 'Ijul', 'Thats my bf', NULL, '2019-12-17 13:37:09', '2019-12-17 13:37:09'),
(373, 149, '17102054', 'Dilla Febria Elisty', NULL, '2019-12-17 14:58:58', '2019-12-17 14:58:58'),
(374, 26, 'Quotes', 'jadilah manusia yang memanusiakan manusia ', NULL, '2019-12-17 15:13:12', '2019-12-17 15:13:12'),
(375, 26, 'Quotes', 'but of all these friends and lovers there is no one compares with you and these memories lose their meaning when i think of love as something  new', NULL, '2019-12-17 15:21:16', '2019-12-17 15:21:16'),
(376, 61, 'Bahagia', 'Bahagia itu menyenangkan', NULL, '2019-12-17 16:37:54', '2019-12-17 16:37:54'),
(377, 126, 'Monggo', '+6283847255729', NULL, '2019-12-17 16:38:32', '2019-12-17 16:38:32'),
(378, 61, 'Bahagia', 'Bahagia itu sederhana', NULL, '2019-12-17 16:39:18', '2019-12-17 16:39:18'),
(379, 61, 'Indah', 'Indah itu sederhana', NULL, '2019-12-17 16:40:49', '2019-12-17 16:40:49'),
(380, 59, 'Entah Apa', 'Yang Merasukimu', NULL, '2019-12-17 17:59:20', '2019-12-17 17:59:20'),
(381, 59, 'Test', 'saja', NULL, '2019-12-17 18:03:25', '2019-12-31 14:03:07'),
(382, 68, 'ALOHA', 'Selamat pagi cik gu', NULL, '2019-12-17 19:22:57', '2019-12-17 19:22:57'),
(383, 75, 'Diks', 'The one and only', NULL, '2019-12-17 19:31:35', '2019-12-17 19:31:35'),
(384, 65, 'Tugas 11', 'Penyelesaian Tugas dari Mata Kuliah PPB', NULL, '2019-12-17 19:32:22', '2019-12-17 19:32:22'),
(387, 20, 'CERITA CINTA ', 'AKU SAYANG KAMU <3 , KAMU SAYANG DIA :\'(', NULL, '2019-12-17 19:46:52', '2019-12-31 19:16:44'),
(388, 290, 'MINGGIR!!!!', 'Minggir Pendapatmu Tak Relevan, Perkataanmu Tak Sepadan', NULL, '2019-12-17 20:09:38', '2019-12-17 20:14:11'),
(390, 76, 'Judul Gaada', 'Nani!!!', NULL, '2019-12-17 20:17:16', '2019-12-17 20:17:16'),
(391, 120, 'Saya Mahasiswa', 'Mahasiswa Abadi Cita Cita Saya', NULL, '2019-12-17 20:35:11', '2019-12-17 20:35:11'),
(392, 128, 'anjay', 'SUPER SEKALI', NULL, '2019-12-17 20:42:11', '2019-12-17 20:42:11'),
(393, 128, 'aok', 'SUPER SEKALI', NULL, '2019-12-17 20:44:06', '2019-12-17 20:44:06'),
(394, 128, 'sudah seles pak', 'SUPER SEKALI', NULL, '2019-12-17 20:44:28', '2019-12-17 20:44:28'),
(395, 63, 'KataBijak', 'Seberat beratnya tugas tidak akan berat kalau tidak dikerjakan', NULL, '2019-12-17 20:44:40', '2019-12-17 20:44:40'),
(396, 113, 'Saya Mahasiswa', 'Mahasiswa Abadi Cita Cita Saya', NULL, '2019-12-17 20:49:17', '2019-12-17 20:49:17'),
(397, 113, 'Saya Mahasiswa lagi', 'Mahasiswa Abadi Cita Cita Saya lagi', NULL, '2019-12-17 20:49:25', '2019-12-17 20:49:25'),
(398, 112, 'zall', 'zall', NULL, '2019-12-17 21:02:58', '2019-12-17 21:02:58'),
(399, 112, 'zallF', 'Fzall', NULL, '2019-12-17 21:03:40', '2019-12-17 21:03:40'),
(400, 85, 'KEPO ID', 'DIAM UNTUK BERSABAR, BERGERAK UNTUK MENANG', NULL, '2019-12-17 21:13:05', '2019-12-17 21:13:05'),
(401, 9000, 'KEPO ID', 'SIP', NULL, '2019-12-17 21:14:22', '2019-12-17 21:14:22'),
(402, 1, 'Quotes Ngawur', 'Kalo Bisa Besok Kenapa Sekarang', NULL, '2019-12-17 21:33:10', '2019-12-17 21:39:36'),
(403, 64, 'Quotes Ngawur', 'Kalo Bisa Besok Kenapa Sekarang, Kalo Bisa Orang Lain Kenapa Saya', NULL, '2019-12-17 21:45:17', '2019-12-17 21:49:03'),
(404, 295, 'Quote dari Ibu', '\"Jangan melakukan sesuatu yang kamu nggak bisa selesaikan\"', NULL, '2019-12-17 21:47:26', '2019-12-17 21:47:26'),
(405, 58, 'Apa ya', 'Nggk tau', NULL, '2019-12-17 21:48:32', '2019-12-17 21:48:32'),
(406, 129, 'Issengi', 'AwasMaukaSalto', NULL, '2019-12-17 21:52:24', '2019-12-17 21:52:24'),
(407, 129, 'Apaa', 'AwasMaukaSalt', NULL, '2019-12-17 21:52:53', '2019-12-17 21:52:53'),
(408, 218, 'title', 'description', NULL, '2019-12-17 22:06:51', '2019-12-17 22:06:51'),
(409, 218, 'interest', 'description', NULL, '2019-12-17 22:09:02', '2019-12-17 22:09:02'),
(410, 218, 'interest', 'mad', NULL, '2019-12-17 22:09:59', '2019-12-17 22:09:59'),
(411, 108, 'Saya Mahasiswa lagi', 'Mahasiswa Abadi Cita Cita Saya lagi', NULL, '2019-12-17 22:28:02', '2019-12-17 22:28:02'),
(412, 294, 'Makan', 'Jangan lupa makan, MAAG!', NULL, '2019-12-17 22:29:29', '2019-12-17 22:29:29'),
(413, 180, 'blablabla', 'lalalala', NULL, '2019-12-17 22:34:20', '2019-12-17 22:34:20'),
(417, 79, 'Quotes', 'Jalani aja dulu', NULL, '2019-12-17 23:03:59', '2019-12-17 23:03:59'),
(418, 28, '171020', 'asxas', NULL, '2019-12-17 23:10:19', '2019-12-17 23:10:19'),
(419, 6, '171020', 'asxas', NULL, '2019-12-17 23:10:57', '2019-12-17 23:10:57'),
(422, 124, '17102092', 'Quotes Saya', NULL, '2019-12-17 23:18:19', '2019-12-17 23:18:19'),
(423, 12, 'thdgjshg', 'kjcjbzcbkzx', NULL, '2019-12-17 23:18:45', '2019-12-17 23:18:45'),
(424, 300, 'Quotes', 'Jangan Lupa Senyum :)', NULL, '2019-12-18 13:12:09', '2019-12-18 13:12:09'),
(425, 173, 'Praktikum 11', 'Selamat Mengerjakan', NULL, '2019-12-18 13:22:17', '2019-12-18 13:22:17'),
(430, 197, 'Nature Quote', 'be the sunshine!', NULL, '2019-12-18 14:50:34', '2019-12-18 14:50:34'),
(431, 197, 'Not My Quote\'s', 'If you\'re not star, maybe you\'re sunshine', NULL, '2019-12-18 14:53:36', '2019-12-18 14:53:36'),
(432, 222, 'Life', 'What goes around comes back around', NULL, '2019-12-18 20:58:20', '2019-12-18 20:58:20'),
(433, 303, 'Quote', 'Fighting!!!', NULL, '2019-12-18 20:59:00', '2019-12-18 20:59:00'),
(434, 215, 'Rebahan', 'Budayakan Rebahan', NULL, '2019-12-18 22:02:10', '2019-12-18 22:02:10'),
(435, 234, 'melinda', 'belajar PPB adalah jalan ninjaku', NULL, '2019-12-18 22:17:11', '2019-12-18 22:17:11'),
(436, 242, 'Quotes', 'Tetap Bahagialah Sobat', NULL, '2019-12-18 22:48:50', '2019-12-18 22:48:50'),
(437, 437, 'Mayorr', 'EWAKOOO', NULL, '2019-12-18 23:08:35', '2019-12-18 23:08:35'),
(438, 437, 'Mayorr', 'EWAKOOO', NULL, '2019-12-18 23:09:50', '2019-12-18 23:09:50'),
(439, 437, 'Mayorr', 'EWAKOOO', NULL, '2019-12-18 23:12:31', '2019-12-18 23:12:31'),
(440, 306, 'APA!!!!', 'EWAKOOO', NULL, '2019-12-18 23:16:18', '2019-12-18 23:16:18'),
(455, 7, 'This is Images', 'Gambar memiliki makna', '1577500293904.jpg', '2019-12-28 09:29:12', '2019-12-28 17:03:31'),
(463, 57, 'tes', 'dengan foto slurrr', '1577526592378.jpg', '2019-12-28 16:49:52', '2019-12-28 16:49:52'),
(472, 8, 'test', 'Gambar', '1577620989823.jpg', '2019-12-29 19:03:09', '2019-12-29 19:03:09'),
(486, 233, 'Minggu Tenang', 'Merupakan mitos di mana pada minggu tersebut tidak ada perkuliahan dan tugas sehingga mahasiswa bisa beristirahat dan menyiapkan mental untuk ujian akhir semester', '1577631499415.jpg', '2019-12-29 21:58:19', '2019-12-30 17:29:18'),
(489, 236, 'Hujan', 'Hujan menenangkan memang, tapi menyakitkan bila kenangan datang.', '1577635344779.jpg', '2019-12-29 23:02:24', '2019-12-29 23:02:24'),
(490, 241, 'Testing2', 'Sabar tawakal', '1577668364488.jpg', '2019-12-30 08:12:44', '2019-12-31 19:22:03'),
(492, 63, 'KataBijak', 'Seberat beratnya tugas tidak akan berat kalau tidak dikerjakan', '', '2019-12-30 11:51:44', '2019-12-30 11:51:44'),
(494, 63, 'KataBijak', 'Seberat beratnya tugas tidak akan berat kalau tidak dikerjakan', '', '2019-12-30 11:58:04', '2019-12-30 11:58:04'),
(496, 63, 'KataBijak', 'Seberat beratnya tugas tidak akan berat kalau tidak dikerjakan', '', '2019-12-30 11:58:30', '2019-12-30 11:58:30'),
(497, 63, 'Yuhu', 'Es krim', '1577795440119.jpg', '2019-12-30 12:10:29', '2019-12-31 19:30:40'),
(498, 63, 'KataBijak', 'Seberat beratnya tugas tidak akan berat kalau tidak dikerjakan', '', '2019-12-30 12:17:44', '2019-12-30 12:17:44'),
(500, 63, 'KataBijak', 'Seberat beratnya tugas tidak akan berat kalau tidak dikerjakan', '', '2019-12-30 12:42:27', '2019-12-30 12:42:27'),
(501, 63, 'KataBijak', 'Seberat beratnya tugas tidak akan berat kalau tidak dikerjakan', '', '2019-12-30 13:09:54', '2019-12-30 13:09:54'),
(503, 175, 'tes', 'Halo nama saya assalamualaikum', '1577775854319.jpg', '2019-12-30 13:53:04', '2019-12-31 14:04:14'),
(505, 242, 'Selamat Tahun Baru', 'Happy New Year 2020', '1577711830267.jpg', '2019-12-30 20:17:10', '2019-12-30 20:17:10'),
(507, 67, 'DUARRRRR', 'NMAX KLX PCX', '1577715675682.jpg', '2019-12-30 21:21:15', '2019-12-30 21:21:15'),
(513, 28, 'hoaaa', 'Yeyeyeyeyeyeye', '1577724309935.jpg', '2019-12-30 23:45:09', '2019-12-30 23:45:09'),
(514, 63, 'KataBijak', 'Seberat beratnya tugas tidak akan berat kalau tidak dikerjakan', '', '2019-12-31 00:33:40', '2019-12-31 00:33:40'),
(515, 63, 'KataBijak', 'Seberat beratnya tugas tidak akan berat kalau tidak dikerjakan', '', '2019-12-31 00:34:00', '2019-12-31 00:34:00'),
(517, 62, 'Malam', 'Ketika malam datang semua gelap ', '1577736356833.jpg', '2019-12-31 03:05:56', '2019-12-31 03:05:56'),
(518, 18, 'Me', 'Jangan Lupa Liburan', '1577761142102.jpg', '2019-12-31 09:32:57', '2019-12-31 09:59:02'),
(533, 168, 'DR.H.Rendi Priambodo. S.Kom, M.Eng', '\"GAPAPA NILAI JELEK. YANG PENTING JUJUR\" ', '1577775656161.jpg', '2019-12-31 13:59:50', '2019-12-31 14:00:56'),
(534, 166, 'mawang', 'Nuhina hinu hina hinu hiyaaa', '1577783608853.png', '2019-12-31 16:13:28', '2019-12-31 16:13:28'),
(535, 84, 'Arthas', 'Life', '1577783652296.jpg', '2019-12-31 16:14:12', '2019-12-31 16:14:12'),
(536, 217, 'Senyumanmu', 'Yang indah bagaikan candu...', '1577788807360.jpeg', '2019-12-31 17:40:07', '2019-12-31 17:40:07'),
(539, 9, 'Truck', 'Kamu itu seperti truk, berat dan lamban. hehe', '1577793291260.jpg', '2019-12-31 18:54:51', '2019-12-31 19:15:28'),
(540, 225, 'Stop', 'Jangan terlalu berharap sama manusia.', '', '2019-12-31 18:56:35', '2019-12-31 18:56:35'),
(541, 9, 'Bintang', 'Pernahkah kamu menghitung bintang di langit? banyaknya sama seperti rasa cintaku padamu. ', '1577793485148.gif', '2019-12-31 18:58:05', '2019-12-31 18:58:20'),
(544, 217, 'Aku', 'Kucingku', '1577795254226.jpg', '2019-12-31 19:27:34', '2020-01-02 13:17:33'),
(546, 78, 'IF you can dream it yo can doit', 'pasti bisa', '1577796481529.jpg', '2019-12-31 19:48:01', '2019-12-31 19:48:01'),
(547, 278, 'Jangan Diliat', 'Jangan Diliat', '1577815941756.jpg', '2020-01-01 01:12:21', '2020-01-01 01:12:21'),
(548, 61, 'nyoba', 'coba aja siapa tau bener', '', '2020-01-01 13:28:41', '2020-01-01 13:28:41'),
(549, 59, 'Wish 2020', 'My Wish ', '1577862627536.jpg', '2020-01-01 14:10:27', '2020-01-01 17:01:21'),
(552, 101, 'how to train your dragon-4', 'Homecoming~', '1577872604327.jpg', '2020-01-01 16:56:44', '2020-01-01 17:01:06'),
(554, 171, 'saapaapa', 'Apa', '', '2020-01-01 20:47:16', '2020-01-01 20:47:16'),
(555, 193, 'LIBURAN', 'SKUY LIBURAN', '1577887251429.jpg', '2020-01-01 21:00:51', '2020-01-01 21:00:51'),
(556, 204, 'Roland ', 'Ganteng', '1577902053277.jpeg', '2020-01-02 01:07:33', '2020-01-02 01:07:33'),
(559, 128, 'COTO MAKASSAR', 'Makan Cika', '1577925872779.jpg', '2020-01-02 07:44:32', '2020-01-02 07:44:32'),
(560, 101, 'liburan', 'Apa itu?', '1577931964824.jpg', '2020-01-02 09:26:04', '2020-01-02 09:26:04'),
(563, 111, 'WOY MADANG', 'MADANG BIAR TETAP HIDUP', '', '2020-01-02 09:43:50', '2020-01-02 09:43:50'),
(564, 111, 'WOY MADANG', 'MADANG BIAR TETAP HIDUP', '', '2020-01-02 09:46:13', '2020-01-02 09:46:13'),
(565, 111, 'WOY MADANG', 'MADANG BIAR TETAP HIDUP', '', '2020-01-02 09:46:18', '2020-01-02 09:46:18'),
(567, 41, 'KECOAK', 'Hewan kecil menakutkan yang bisa terbang', '1577939437957.jpg', '2020-01-02 11:30:37', '2020-01-02 11:30:37'),
(568, 8, 'manbis', 'Quis', '1577939495601.jpg', '2020-01-02 11:31:35', '2020-01-02 11:31:35'),
(586, 217, 'Me', 'Mini me :)', '1577957316755.jpg', '2020-01-02 16:28:36', '2020-01-02 16:29:14'),
(595, 220, 'quote of the day', 'Senja selalu menerima langit apa adanya.', '1577957720824.jpg', '2020-01-02 16:35:20', '2020-01-02 16:35:20'),
(599, 240, 'Holiday', 'Mdudbyxns', '1577959070560.jpg', '2020-01-02 16:57:50', '2020-01-02 16:57:50'),
(602, 240, 'Apa?', 'Ga ngerti', '1577963466383.jpeg', '2020-01-02 18:11:06', '2020-01-02 18:11:06'),
(603, 312, 'cemungut epha(?•?•?)?', 'Semuanya cemungut buat wolkshop ya....', '1577966857877.jpg', '2020-01-02 19:07:37', '2020-01-02 19:07:53'),
(604, 84, 'Arthas', 'Gone', '1577968450553.jpg', '2020-01-02 19:34:10', '2020-01-02 19:34:10'),
(605, 39, 'ungu', 'Janur', '1577971570826.jpg', '2020-01-02 20:26:10', '2020-01-02 20:26:10'),
(606, 39, 'Gerhana', 'Matahari', '1577972786297.jpg', '2020-01-02 20:46:26', '2020-01-02 20:46:26'),
(607, 75, 'Warsito Soundsystem & Tarub', 'Jangan mengulangi kesalahan yg sama, karena kesalahan yg lain masih ada.', '1577973024550.jpg', '2020-01-02 20:50:24', '2020-01-02 20:50:24'),
(608, 66, 'Sobat Misqueen', 'Dibaca', '1577974198952.jpeg', '2020-01-02 21:09:58', '2020-01-02 21:10:08'),
(609, 80, 'Pedro Feat Zoro', '\"IPK anda kecil?? Coba di Zoom\"', '1577974396565.png', '2020-01-02 21:13:16', '2020-01-02 21:13:16'),
(611, 66, 'WIJAYASENA GYM', '\n“Gagal itu urusan nanti. Yg terpenting, kita berani untuk mencoba dan mencoba!”\nDatang dan daftarkan keluarga dan tetangga supaya kekar dan abadi', '1577974891125.jpg', '2020-01-02 21:21:31', '2020-01-02 21:21:31'),
(612, 27, 'Alam', 'Indahnya alamkuu', '1577974936169.jpeg', '2020-01-02 21:22:16', '2020-01-02 21:22:16'),
(613, 66, 'Fajri temen kelasku', 'Dibaca', '1577975835847.png', '2020-01-02 21:37:15', '2020-01-02 21:37:15'),
(615, 203, 'KONE UDIN', 'Eling eling Kone Udin', '1577979685771.jpg', '2020-01-02 22:41:25', '2020-01-02 22:41:25'),
(617, 204, 'ekstrak kulit manggis ', 'Kulit nya di makan isi nya di buang, agar kulit menjadi ungu berseri', '1577979808329.jpeg', '2020-01-02 22:43:28', '2020-01-02 22:43:28'),
(618, 73, 'WIJAYASENA GYM', 'Fitnah lebih kejam dari pada fitness', '', '2020-01-02 23:29:34', '2020-01-02 23:29:34'),
(619, 54, 'hsy', 'Guys', '', '2020-01-02 23:48:53', '2020-01-02 23:48:53'),
(620, 54, 'halo', 'Guyssss', '1577984475687.jpg', '2020-01-03 00:01:15', '2020-01-03 00:01:15'),
(621, 54, 'halo', 'Guyssss', '1577984478311.jpg', '2020-01-03 00:01:18', '2020-01-03 00:01:18'),
(624, 54, 'Halo guys', 'Haiii saya kopi', '1577986018861.jpg', '2020-01-03 00:26:50', '2020-01-03 00:26:58'),
(626, 109, 'quote of the day', 'Think global doing local', '1577990051480.jpg', '2020-01-03 01:34:11', '2020-01-03 01:34:11'),
(627, 109, 'ZEYENG KAMOE', 'Ga mau tau', '1577990812837.jpeg', '2020-01-03 01:46:52', '2020-01-03 01:46:52');

-- --------------------------------------------------------

--
-- Table structure for table `student`
--

CREATE TABLE `student` (
  `student_id` int(11) NOT NULL,
  `class_id` int(11) DEFAULT NULL,
  `nim` int(255) DEFAULT NULL,
  `name` varchar(255) DEFAULT NULL,
  `gendre` int(11) DEFAULT NULL
) ENGINE=InnoDB DEFAULT CHARSET=latin1 ROW_FORMAT=COMPACT;

--
-- Dumping data for table `student`
--

INSERT INTO `student` (`student_id`, `class_id`, `nim`, `name`, `gendre`) VALUES
(1, 2, 11, '11', 1),
(2, 1, 112, '12A', 1),
(3, 1, 113, '13A', 1),
(4, 2, 211, '11B', 2),
(5, 1, 114, 'holaa', 1),
(6, 1, 114, 'holaa', 1),
(7, 6, 123456789, 'Novian Adi Prasetyo', NULL),
(8, 5, 17102178, 'Janur Syah Putra', NULL),
(9, 5, 17102183, 'Muhammad Hannan Hunafa', NULL),
(10, 5, 17102166, 'Theo Felix Harianto .P', NULL),
(11, 5, 17102180, 'Maruf Aldi Oktava', NULL),
(12, 5, 17102192, 'ZAKY HANIF TESTANDY', NULL),
(13, 5, 17102178, 'Janur Syah Putra', NULL),
(14, 5, 17102188, 'sang dara parameswari', NULL),
(15, 5, 17102190, 'Thowaf Fuad Hasan', NULL),
(16, 5, 17102173, 'Diaz Aztisyah', NULL),
(17, 5, 17102159, 'Muhammad Fathan N', NULL),
(18, 5, 17102162, 'Reynaldi Rio Saputro', NULL),
(19, 5, 17102074, 'Alya Cahyaning Tyas', NULL),
(20, 5, 17102171, 'Aris Rafael Tambunan', NULL),
(21, 5, 17102161, 'Putri Alimah', NULL),
(22, 5, 17102183, 'Muhammad Hannan Hunafa', NULL),
(23, 0, 0, 'yuli febryanti', NULL),
(24, 5, 17102191, 'Wachid Iqbal Maulana', NULL),
(25, 5, 17102189, 'Surya Adi Widiarto', NULL),
(26, 5, 17102155, 'Khurun \'Ain Muzaqi', NULL),
(27, 5, 17102172, 'Daffa Rifky', NULL),
(28, 5, 17102038, 'M.Rizal Al Khairi', NULL),
(29, 5, 17102168, 'yuli febryanti', NULL),
(30, 5, 17102167, 'Vidia Syahputri', NULL),
(31, 5, 17102182, 'Mohtar Khoiruddin', NULL),
(32, 5, 17102179, 'La Ode Hasrul', NULL),
(33, 5, 17102187, 'rizka fayyadhila', NULL),
(34, 5, 17102165, 'Sultan Rafi Raihan', NULL),
(35, 5, 17102176, 'galih wahyu nur syamsudin', NULL),
(36, 5, 17102185, 'Raden Neomy Lusie Ratna Deseina Budy Putri', NULL),
(37, 5, 17102181, 'Mendi nuroyan', NULL),
(38, 5, 17102184, 'Nugraha Primanda Adi Putra', NULL),
(39, 5, 17102160, 'Nizar Tanfidi Asyhari', NULL),
(40, 5, 17102174, 'Dyah Ayu Dewi Rizky', NULL),
(41, 5, 17102158, 'Mohammad aditya Rifki Firmansyah', NULL),
(42, 5, 17102177, 'Haski Pratomo', NULL),
(43, 5, 17102181, 'Mendi nuroyan', NULL),
(44, 5, 17102186, 'Reyvaldy Alfida Yanur', NULL),
(45, 5, 17102157, 'Mely Sulistiowati', NULL),
(46, 5, 17102156, 'Muhammad Zhafran Dwiki', NULL),
(47, 5, 17102038, 'M.Rizal Al Khairi', NULL),
(48, 5, 17102192, 'ZAKY HANIF TESTANDY', NULL),
(49, 0, 0, '', NULL),
(50, 5, 17102168, 'yuli febryanti', NULL),
(51, 5, 17102166, 'Theo Felix Harianto P', NULL),
(52, 5, 17102157, 'Mely Sulistiowati', NULL),
(53, 5, 17102178, 'Janur Syah Putra', NULL),
(54, 3, 17102115, 'Rindu Hafil Muhammadi', NULL),
(55, 3, 17102115, 'Rindu Hafil Muhammadi', NULL),
(56, 1, 17102032, 'Fajrin Septiana Nugraha', NULL),
(57, 1, 17102033, 'Habib Ali Habsyi', NULL),
(58, 1, 17102027, 'Anita Rosa', NULL),
(59, 1, 17102020, 'Rizky Aulia Fansyuri', NULL),
(60, 1, 17102031, 'Elia Samuel', NULL),
(61, 1, 17102023, 'Titan Dwi Fitriani', NULL),
(62, 1, 17102025, 'Afriza Ali Zighovit', NULL),
(63, 1, 17102003, 'Angga Hernanto', NULL),
(64, 1, 17102034, 'Husni Adi Bakhtiar', NULL),
(65, 1, 17102012, 'Lingga Jamaluddin', NULL),
(66, 1, 17102002, 'Akbar Borneo Dammara', NULL),
(67, 1, 17102004, 'Arnelka Hananta', NULL),
(68, 1, 17102026, 'Akhmad Triaji', NULL),
(69, 1, 16102188, 'Bunga Permata Sari', NULL),
(70, 1, 17102036, 'Lisi Refsiliana', NULL),
(71, 1, 17102035, 'Jinan Ghinia Khansa', NULL),
(72, 0, 0, '', NULL),
(73, 1, 17102028, 'bagus satria', NULL),
(74, 1, 17102011, 'Jhoanne Octa Stephvannya', NULL),
(75, 1, 17102014, 'Meydika Candra Aji', NULL),
(76, 1, 17102024, 'Wahyu Indra Yuda', NULL),
(77, 1, 16102096, 'MUHAMMAD USMAN', NULL),
(78, 1, 17102013, 'Made Risza Kartika', NULL),
(79, 1, 17102001, 'adam ikbal perdana', NULL),
(80, 1, 17102008, 'Fajar Sulistiono', NULL),
(81, 1, 17102027, 'anitarosa', NULL),
(82, 1, 17102001, 'Adam Ikbal Perdana', NULL),
(83, 1, 17102001, 'Adam Ikbal Perdana', NULL),
(84, 1, 17102007, 'Elen Ardiyanto', NULL),
(85, 1, 17102030, 'Didik Priyoga', NULL),
(86, 1, 17102017, 'Nur Khanifah', NULL),
(87, 1, 17102019, 'Rezi Iwardani', NULL),
(88, 1, 17102017, 'Nur Khanifah', NULL),
(89, 1, 17102019, 'Rezi Iwardani', NULL),
(90, 0, 0, '', NULL),
(91, 6, 17102019, 'Rezi Iwardani', NULL),
(92, 1, 17102007, 'Elen Ardiyanto', NULL),
(93, 1, 17102033, 'Habib Ali Habsyi', NULL),
(94, 1, 16102188, 'Bunga Permata Sari', NULL),
(95, 1, 17102019, 'Rezi Iwardani', NULL),
(96, 1, 17102027, 'Anita Rosa', NULL),
(97, 1, 16102096, 'MUHAMMAD USMAN', NULL),
(98, 3, 17102115, 'Rindu Hafil Muhammadi', NULL),
(99, 3, 17102115, 'Rindu Hafil Muhammadi', NULL),
(100, 3, 17102115, 'Rindu Hafil Muhammadi', NULL),
(101, 3, 17102099, 'Antyka Syahrial', NULL),
(102, 3, 17102093, 'Shakti Kesuma Wibawa', NULL),
(103, 3, 17102101, 'Dewo Rajh Arnada', NULL),
(104, 3, 17102098, 'Amanat Dirgantara', NULL),
(105, 3, 17102112, 'Nathanael Novarian', NULL),
(106, 0, 0, '', NULL),
(107, 0, 0, '', NULL),
(108, 3, 17102082, 'ika rahmawati suci', NULL),
(109, 3, 17102110, 'MOCHAMMAD IQBAL FATRIA', NULL),
(110, 3, 17102050, 'Alma Alfiatul Inayah', NULL),
(111, 3, 17102103, 'Fadil Al Afgani', NULL),
(112, 3, 17102015, 'Muh Faizal', NULL),
(113, 3, 17102052, 'Bahri', NULL),
(114, 3, 17102047, 'TRI MEGA ANGGRAENI', NULL),
(115, 3, 17102094, 'Tasya Shabrina Salsabillah', NULL),
(116, 3, 17102091, 'Rifky Syahreza Fahlevi S', NULL),
(117, 3, 17102043, 'Rheni Aprilia Ningrum', NULL),
(118, 3, 17102084, 'Lulu Anggraeni', NULL),
(119, 3, 17102077, 'DESI NATALIA BR SIDAURUK', NULL),
(120, 3, 17102052, 'Bahri', NULL),
(121, 3, 17102015, 'Muh Faizal', NULL),
(122, 3, 17102111, 'Muhammad Farhan Razzaq', NULL),
(123, 3, 17102102, 'Dimas Purwitasari', NULL),
(124, 3, 17102092, 'Ronald Daniel', NULL),
(125, 3, 17102085, 'mela purnama puteri ', NULL),
(126, 3, 17102080, 'Faqih Abdilah Azmi', NULL),
(127, 3, 17102111, 'Muhammad Farhan Razzaq', NULL),
(128, 3, 17102016, 'Muhammad Ikram Syaiful', NULL),
(129, 3, 17102105, 'Happy Year', NULL),
(130, 3, 0, 'Cemani', NULL),
(131, 3, 17102109, 'Meliana Dewi', NULL),
(132, NULL, NULL, NULL, NULL),
(133, 3, 17102109, 'Meliana Dewi', NULL),
(134, 3, 17102106, 'Ilham Fadhilah Akbar', NULL),
(135, 3, 1818, 'Cemani', NULL),
(136, 3, 17102105, 'Happy Year', NULL),
(137, 3, 17102016, 'Muhammad Ikram Syaiful', NULL),
(138, 3, 17102044, 'Rizky Ramadhan', NULL),
(139, 3, 17102044, 'Rizky Ramadhan', NULL),
(140, 3, 17102016, 'muhammadikramsyaiful', NULL),
(141, 3, 17102105, 'Happy Year', NULL),
(142, 3, 17102044, 'Rizky Ramadhan', NULL),
(143, 3, 17102083, 'josua panggabean', NULL),
(144, 3, 17102083, 'josua panggabean', NULL),
(145, 3, 17000001, 'Ceamni', NULL),
(146, NULL, NULL, NULL, NULL),
(147, 3, 17102055, 'ENDAH SIWI CAHYANINGRUM', NULL),
(148, 3, 17102055, 'ENDAH SIWI CAHYANINGRUM', NULL),
(149, 3, 17102054, 'Dilla Febria Elisty', NULL),
(150, 3, 17102055, 'ENDAH SIWI CAHYANINGRUM', NULL),
(151, 3, 17102055, 'ENDAH SIWI CAHYANINGRUM', NULL),
(152, 3, 17102015, 'Muh Faizal', NULL),
(153, 3, 17102083, 'josua panggabean', NULL),
(154, 3, 17102089, 'Parwita Putri Hardianto', NULL),
(155, 3, 17102052, 'Bahri', NULL),
(156, 3, 17102090, 'Reno Agil Saputra', NULL),
(157, 3, 17102055, 'ENDAH SIWI CAHYANINGRUM', NULL),
(159, 3, 17102052, 'Bahri', NULL),
(160, 3, 17102016, 'Muhammad Ikram Syaiful', NULL),
(161, 3, 17102080, 'Faqih abdilah azmi', NULL),
(162, 2, 17102059, 'Johanes Christianto Tiku', NULL),
(163, 2, 17102041, 'Nursyifa Aprillia Putri', NULL),
(164, 2, 17102074, 'Muhammad Ivan Aprilian', NULL),
(165, 2, 17102045, 'Sean Reza Arienola', NULL),
(166, 2, 17102046, 'syahliana iqbal', NULL),
(168, 2, 17102066, 'Rendi Priambodo', NULL),
(169, 2, 17102068, 'Rizqi Maulana Bahtiar', NULL),
(170, 2, 17102066, 'Rendi Priambodo', NULL),
(171, 2, 17102058, 'Husnul Kautsar', NULL),
(172, 2, 17102170, 'Andya Lesmana', NULL),
(173, 2, 17102071, 'Tufail Akhmad Satrio', NULL),
(174, 2, 17102071, 'Tufail Akhmad Satrio', NULL),
(175, 2, 17102078, 'Dimas Adira Wibisono', NULL),
(176, 0, 0, '', NULL),
(177, 0, 0, '', NULL),
(178, 0, 0, '', NULL),
(179, 0, 0, '', NULL),
(180, 0, 0, '', NULL),
(181, 0, 0, '', NULL),
(182, 0, 0, '', NULL),
(183, 0, 0, '', NULL),
(184, 0, 0, '', NULL),
(185, 0, 0, '', NULL),
(186, 0, 0, '', NULL),
(187, 0, 0, '', NULL),
(188, 0, 0, '', NULL),
(189, 2, 17102056, 'Fakhri Azmi Husaini', NULL),
(190, 2, 17102078, 'Dimas Adira Wibisono', NULL),
(191, 2, 17102071, 'Tufail Akhmad Satrio', NULL),
(192, 2, 17102078, 'Dimas Adira Wibisono', NULL),
(193, 2, 17102042, 'Rayhan Hidayat', NULL),
(194, 2, 17102065, 'Panggiarta Rindah Pratama', NULL),
(195, 2, 0, '', NULL),
(196, 2, 17102076, 'Bayu Daffa Mujo Yulianto', NULL),
(197, 2, 17102075, 'Annisa Nugraheni', NULL),
(198, 0, 0, '', NULL),
(199, 0, 0, '', NULL),
(200, 4, 17102072, 'Wiwit Farianto', NULL),
(201, 0, 0, '', NULL),
(202, 0, 0, '', NULL),
(203, 2, 17102072, 'Wiwit Farianto', NULL),
(204, 2, 17102060, 'Lukas Roland Iscam Welkis', NULL),
(205, 2, 17102059, 'Johanes Christianto Tiku', NULL),
(206, 2, 17102069, 'Setiana Pangestuti', NULL),
(207, 0, 0, '', NULL),
(208, 2, 0, '', NULL),
(209, 2, 17102071, 'Tufail Akhmad Satrio', NULL),
(210, 2, 17102064, 'Muhammad Ivan Aprilian', NULL),
(211, 2, 17102071, 'Tufail Akhmad Satrio', NULL),
(212, 2, 17102066, 'RendiPriambodo', NULL),
(213, 2, 17102063, 'Rifadh Mardiansya', NULL),
(214, 4, 17102139, 'Rio Chaerudin', NULL),
(215, 4, 17102144, 'Yudha Trisnahadi', NULL),
(216, 0, 0, 'Sintiya', NULL),
(217, 4, 17102149, 'Dian Finaliamartha', NULL),
(218, 4, 17102138, 'Reyfaldi Samuel Agustavo', NULL),
(219, 4, 17102143, 'Vico Meylana Eka Putra', NULL),
(220, 4, 17102141, 'Sintiya', NULL),
(221, 4, 17102142, 'Thalia Ajeng Purnamasari', NULL),
(222, 4, 17102117, 'Sheren Afryan Tiastama', NULL),
(223, 4, 17102119, 'Umar Rella Adhitya', NULL),
(224, 4, 17102154, 'Isnan Yunus Alhalim', NULL),
(225, 4, 17102128, 'Felia Citra Dwiyani Putri Rosyadi', NULL),
(226, 4, 17102136, 'Ngumron Makmum', NULL),
(227, 4, 17102151, 'fahmi moearif', NULL),
(228, 4, 18102139, 'reynaldo b girsang', NULL),
(229, 4, 17102150, 'Diva Aditya Pratama', NULL),
(230, 4, 17102127, 'Fadlan Sani Mubarok', NULL),
(231, 4, 17102120, 'Yayi Sufia Rauna', NULL),
(232, 4, 17102113, 'Puan Nadia Afifah', NULL),
(233, 4, 17102123, 'Arif Agustyawan', NULL),
(234, 4, 17102133, 'Melinda Utami', NULL),
(235, 4, 17102088, 'mutiara firdaus', NULL),
(236, 4, 17102118, 'taufik maulidi', NULL),
(237, 2, 17102063, 'Rifadh Mardiansya', NULL),
(238, 4, 17102126, 'Dinda Aulia Gilvany', NULL),
(239, 4, 17102127, 'Fadlan Sani Mubarok', NULL),
(240, 4, 17102131, 'Khofifah Putriyani', NULL),
(241, 4, 17102130, 'Isnaini Rizki Atika', NULL),
(242, 4, 17102129, 'Haris Pradana', NULL),
(243, 4, 17102122, 'Andi Yulianto', NULL),
(244, 4, 17102151, 'fahmi moearif', NULL),
(245, 4, 17102151, 'fahmi_moearif', NULL),
(246, 4, 17102151, 'fahmi', NULL),
(247, 4, 17102150, 'Diva Aditya Pratama', NULL),
(248, 2, 17102071, 'Tufail Akhmad Satrio', NULL),
(249, 5, 2, 'BlackJack', NULL),
(250, 5, 17102156, 'Muhammad Zhafran Dwiki', NULL),
(251, 5, 17102156, 'Muhammad Zhafran Dwiki', NULL),
(252, 2, 17102057, 'Hafidz Daffa Hekmatyar', NULL),
(253, 5, 17102177, 'Haski Pratomo', NULL),
(254, 5, 17102166, 'Theo Felix Harianto P', NULL),
(255, 5, 17102175, 'Fajar Nur Rohman', NULL),
(256, 1, 17102018, 'Rafi Muzhaffar', NULL),
(257, 0, 0, '', NULL),
(258, 0, 0, '', NULL),
(259, 0, 0, '', NULL),
(260, 5, 17102161, 'Putri Alimah', NULL),
(261, 0, 0, '', NULL),
(262, 5, 17102161, 'Putri Alimah', NULL),
(263, 0, 0, '', NULL),
(264, 0, 0, '', NULL),
(265, 0, 0, '', NULL),
(266, 0, 0, '', NULL),
(267, 0, 0, '', NULL),
(268, 0, 0, '', NULL),
(269, 0, 0, 'Mendi nuroyan', NULL),
(270, 5, 17102181, 'Mendi nuroyan', NULL),
(271, 5, 17102074, 'Alya Cahyaning Tyas', NULL),
(272, 5, 17102159, 'Muhammad Fathan N', NULL),
(273, 3, 17102085, 'Mela Purnama Puteri', NULL),
(274, 1, 17102013, 'Made Risza Kartika', NULL),
(275, 5, 17102167, 'Vidia Syahputri', NULL),
(276, 0, 0, '', NULL),
(277, 0, 0, 'Danang ', NULL),
(278, 1, 17102005, 'Danang Wicaksana', NULL),
(279, 1, 17102010, 'Hikmah Quddustiani', NULL),
(280, 3, 17102050, 'Alma Alfiatul Inayah', NULL),
(281, 0, 0, '', NULL),
(282, 4, 17102153, 'Hary Indra Permana', NULL),
(283, 5, 17102188, 'sang dara parameswari', NULL),
(285, 3, 17102077, 'DESI NATALIA BR SIDAURUK', NULL),
(287, 2, 17102042, 'Rayhan Hidayat', NULL),
(288, 1, 17102012, 'Lingga Jamaluddin', NULL),
(289, 1, 171022, 'Syaeful Fajri', NULL),
(290, 1, 17102022, 'Syaeful Fajri', NULL),
(291, 3, 17102085, 'Mela Purnama Puteri', NULL),
(292, 5, 17102157, 'Mely Sulistiowati', NULL),
(293, 2, 17102069, 'Setiana Pangestuti', NULL),
(294, 3, 17102095, 'Ulung Priyo Bintoro', NULL),
(295, 5, 17102169, 'AINA AZALEA ARDANI', NULL),
(296, 1, 17102010, 'Hikmah Quddustiani', NULL),
(297, 1, 17102028, 'Bagus Satria Pratama', NULL),
(298, 3, 17102100, 'Cahyani Ainun Awaliah', NULL),
(299, 3, 17102100, 'Cahyani Ainun Awaliah', NULL),
(300, 3, 17102116, 'Rut Elisabeth Aprilianti S.', NULL),
(301, 2, 17102037, 'Marcel agustine bacsafra', NULL),
(302, 2, 17102059, 'johanes christianto t', NULL),
(303, 3, 17102104, 'Fatia Rizki Annisa', NULL),
(304, 0, 0, 'A', NULL),
(305, 2, 17102170, 'Andya Lesmana', NULL),
(306, 2, 17102097, 'AGUM EKO PRANOTO', NULL),
(307, 5, 17102190, 'Thowaf Fuad Hasan', NULL),
(308, 3, 17102108, 'Lutfi Istiqomah', NULL),
(309, 3, 17102108, 'Lutfi Istiqomah', NULL),
(312, 2, 17102051, 'Annisa Eva Ayuning Thiyas', NULL),
(313, 1, 17102028, 'Bagus Satria Pratama', NULL);

--
-- Indexes for dumped tables
--

--
-- Indexes for table `class`
--
ALTER TABLE `class`
  ADD PRIMARY KEY (`class_id`) USING BTREE;

--
-- Indexes for table `quote`
--
ALTER TABLE `quote`
  ADD PRIMARY KEY (`quote_id`) USING BTREE;

--
-- Indexes for table `student`
--
ALTER TABLE `student`
  ADD PRIMARY KEY (`student_id`) USING BTREE;

--
-- AUTO_INCREMENT for dumped tables
--

--
-- AUTO_INCREMENT for table `class`
--
ALTER TABLE `class`
  MODIFY `class_id` int(11) NOT NULL AUTO_INCREMENT, AUTO_INCREMENT=7;

--
-- AUTO_INCREMENT for table `quote`
--
ALTER TABLE `quote`
  MODIFY `quote_id` int(11) NOT NULL AUTO_INCREMENT, AUTO_INCREMENT=628;

--
-- AUTO_INCREMENT for table `student`
--
ALTER TABLE `student`
  MODIFY `student_id` int(11) NOT NULL AUTO_INCREMENT, AUTO_INCREMENT=314;
COMMIT;

/*!40101 SET CHARACTER_SET_CLIENT=@OLD_CHARACTER_SET_CLIENT */;
/*!40101 SET CHARACTER_SET_RESULTS=@OLD_CHARACTER_SET_RESULTS */;
/*!40101 SET COLLATION_CONNECTION=@OLD_COLLATION_CONNECTION */;
